1,,,変装をあばけ！,本文
2,,,"ひろきとお姉さんのかずみは、空港で乗客が出てくるのを、目を皿のようにして見ていました。ハワイからの飛行機に、かずみの大好きな俳優が乗っているというのです。かずみは、いつもその俳優にひと目会いたいと言っていましたが、ついにその願いがかないそうです。
その有名な俳優が、ハワイでの長いバカンスを終えて、ないしょで日本に帰国するという話を、かずみが聞きつけてきたのでした。
かずみの持っている写真には、ほおやあご、鼻の下にひげをはやしたしぶい男の人が写っていました。この俳優のトレードマークは、こいひげなのです。昨日のテレビニュースにも、ハワイの海岸でくつろいでいる、このひげの俳優の姿が映っていました。でも、俳優ですから、演技は得意です。ファンの目をごまかすために、どんな変装をしているかは、わかりません。
真っ黒に日焼けしている人、楽しそうに歩いてくる人......。でも、お目当ての俳優の姿は、なかなかあらわれません。",本文
3,,,"その俳優の年は、三十才。ひろきは、その俳優と年も背かっこうも同じくらいの三人に注目しました。
三人とも色のこいサングラスをかけ、一人はあごにばんそうこうをはって、鼻の下にひげをはやしています。もう一人は、ほおひげをはやしています。最後の一人は、ひげははやしていない男性でした。",本文
4,,,"「うーん、どの人だろう......。」
かずみは首をかしげました。しかし、ひろきはにっこり笑って、一人の男の人をゆびさしました。
「あの人だよ。」
「え！」
かずみはびっくりして、その男の人を見つめました。",本文
1,,,"ひろきとお姉さんのかずみは、空港でだれを待っているのですか。
四角に合う言葉を書きましょう。
四角でのバカンスを終えて帰国する、四角の大好きな俳優。",問題
2,,,二人が待っている俳優のトレードマークは、何ですか。,問題
3,,,"ひろきは、どんな点から、三人の男の人に注目したのですか。
その俳優と四角も同じくらいという点。",問題
4,,,ひろきが「あの人だよ。」とゆびさしたのは、上の絵の三人のうちのだれだと思いますか。ア～ウの記号で答えましょう。,問題
5,,,ひろきは、どんな理由で、4の男の人をゆびさしたのだと思いますか。その理由を考えて書きましょう。,問題
