1,,,なぜ北朝鮮はミサイルを発射するの？最近、北朝鮮からミサイルが飛んできたというニュースをよく目にしますね。なぜ北朝鮮はミサイルを発射するのでしょうか。,本文
2,,,北朝鮮ってどんな国？北朝鮮は第二次世界大戦後に朝鮮が南北に分断されてできた国です。建国以来、朝鮮労働党が国を支配しており、現在は三代目のキムジョンウンが指導者を務めています。社会主義に基づく政治を行い、国民の自由を制限し、キムジョンウン総書記やその一族を敬うように国民を教育しています。経済的に貧しい国であるにもかかわらず、ミサイルの発射実験を繰り返し、日本をはじめ他国の安全をおびやかしています。これは一体なぜでしょうか？,本文
3,,,北朝鮮三代目の最高指導者。北朝鮮で生まれ、スイスに留学した経験を持つ。2011年、父、キム・ジョンイルの死去を受け、事実上の最高指導者となり、2012年4月に、党第一書記に就任した。,本文
4,,,北朝鮮による弾道ミサイル等、発射数,本文
5,,,"ミサイル発射は対抗のため。北朝鮮はミサイルを発射することで国際社会から批判され、経済制裁を受けています。それでも実験をやめない一番の理由は、アメリカへの対抗しんです。東西冷戦を背景に、1950年に始まった朝鮮戦争では、北朝鮮軍及びちゅうごく軍と、韓国軍及びアメリカを中心とするこくれん軍が、3年にわたって激しく争いましたが、勝敗がつかず休戦しました。つまり、北朝鮮にとっては、今もアメリカや韓国との戦争が続いている状態なのです。

世界一の軍事りょくを持つアメリカの脅威から、自国の安全を守るため、ミサイルの発射実験を繰り返しているというわけです。また、北朝鮮の国民に自国の軍事りょくや指導者の権威を見せつけることで、貧困などに対する不満を抑えつけ、士気を向上させたいという思惑もあるとみられています。",本文
6,,,北朝鮮がミサイルを発射する理由。アメリカの脅威から自国の安全を守るため、国民の不満を抑えつけ、国家への忠誠しんを強化するため。,本文
7,,,日本にミサイルが飛んできたら、これまで北朝鮮のミサイルが日本に着弾したことはありませんが、万が一ミサイルが着弾すると、激しい爆風や破片などにより身体へ大きな被害を受ける可能性があります。ミサイルが日本の領土・領海に落下、もしくは日本の領土・領海の上空を通過する可能性がある場合には、全国瞬時警報システム（Jアラート）により、防災行政無線で特別なサイレン音とともにメッセージが流れるほか、携帯電話にエリアメール、緊急速報メールが届きます。速やかに避難し情報を集めましょう。,本文
8,,,"屋外にいる場合、爆風や破片などを避ける。近くの建物の中、できれば頑丈な建物、または地下へ。もしも近くに建物がない場合は、物陰に身を隠す、または、地面に伏せ、頭部を守る。

屋内にいる場合、爆風で割れた窓ガラスなどを避ける。窓から離れる、または窓がない部屋へ。",本文
