1,,,なぜロシアはウクライナに攻め込んだの？2022年、ロシアがウクライナに侵攻したという衝撃的なニュースを皆さんも覚えているでしょう。なぜこんなことが起こってしまったのでしょうか。,本文
2,,,"第二次世界大戦以来の大規模戦争。2022年2月24日、ロシアのプーチン大統領は特別軍事作戦を行うと宣言しました。特別軍事作戦とは、あくまで西側諸国の東方への拡大に対する防衛であり、戦争ではないと自国の侵略行為を正当化するための言葉でした。

ウクライナの北部、東部、南部の3方向から侵攻を開始しましたが、ロシアがこれほどの大規模戦争を行うのは第二次世界大戦以来のことでした。",本文
3,,,"西側諸国を恐れるロシア。

ロシアとウクライナが決定的に対立したきっかけは、2014年、ウクライナでロシア寄りの政権が崩壊し、欧米寄りの政権が発足したことでした。ウクライナが西側諸国に近づくことを恐れたプーチンは、ウクライナ南部のクリミアを無理やりロシア領にしてしまいます。

さらに、ウクライナ東部のドンバス地方では、ロシアの支援を受けた武装勢力が一部地域を支配し、ウクライナからの独立を一方的に宣言してしまいました。以来、ウクライナの反ロシア感情は高まっていきました。2019年にウクライナの大統領に就任したゼレンスキーは、ナトーへの加盟、つまり西側諸国への仲間入りを本格的に求め始めます。",本文
4,,,プーチンはこれに危機感を募らせます。2021年には、ウクライナは本来ロシアの一部だと主張する論文を発表し、ナトーに対して、これ以上東方に拡大しない確約などを求めましたが、聞き入れられませんでした。こうしてプーチンは、ウクライナのナトー加盟を力ずくで止めるべく、軍事侵攻に踏み切ったのです。,本文
5,,,"なぜロシアはクリミアが欲しいの？1の2で、ロシアの港の多くが冬の間は凍ってしまうことを説明しましたね。クリミアにあるセバストポリこうは、ロシアが求める凍らない港であり、ロシア軍が、こっかいから地中海を抜けて、たいせいように出るための重要な拠点だったのです。

かつてロシアはウクライナにお金を払って港を借りていましたが、クリミアを併合したことで自由に港を使えるようになりました。2022年2月28日より、トルコがボスポラス海峡の軍艦通行を禁じたことで、ロシア軍はこのルートを使うことができなくなりました。",本文
6,,,"ウクライナ侵攻に至るまでの大まかな経緯。

2014年2月、ウクライナで革命。EU（ヨーロッパ連合）との協定への署名を取りやめてロシアに近づこうとするヤヌコービチ大統領に一部の市民が抗議し、政権が崩壊。2014年3月、クリミア併合。クリミアに住むロシア系住民の保護を口実に、ロシアがクリミアを無理やりロシア領に。2014年4月から。ドンバスで武力衝突。ロシアを後ろ盾とするウクライナの武装勢力がドンバス地方の一部を実効支配。ウクライナからの独立を一方的に宣言した。2014年9月、2025年2月。ミンスク合意締結。ベラルーシの首都ミンスクで、ドイツとフランスが仲介し、ドンバス地方での紛争停止に向けた合意が結ばれたが、衝突は止まず。

2019年5月、ゼレンスキーが大統領就任。ナトーへの加盟を目指すが、ロシアとの対話の用意もあると表明。2021年4月、10月。ロシア軍がウクライナ国境へ。ロシアは、ナトーがウクライナを軍事的に支援し、また、ウクライナもロシア国境に軍を集結させていると主張して、軍事行動を正当化した。2021年12月、ロシアがナトー不拡大などを要求。ロシアはNATOに対し、東方への不拡大やロシア国境付近での軍事演習の停止を要求するも、アメリカはこれを拒否。2022年2月、ロシアがウクライナに侵攻。ロシアがウクライナの北部、東部、南部の3方向から軍事侵攻を開始。",本文
