A,B,C,D,E
1,,,"ひろきとおねえさんのかずみは、くうこうでじょうきゃくがでてくるのを、めをさらのようにしてみていました。「はわい」からのひこうきに、かずみのだいすきなはいゆうがのっているというのです。かずみは、いつもそのはいゆうにひとめあいたいといっていましたが、ついにそのねがいがかないそうです。
そのゆうめいなはいゆうが、はわいでのながいばかんすをおえて、ないしょでにほんにきこくするというはなしを、かずみがききつけてきたのでした。
かずみのもっているしゃしんには、ほおやあご、はなのしたにひげをはやしたしぶいおとこのひとがうつっていました。このはいゆうのとれーどまーくは、こいひげなのです。きのうのてれびにゅーすにも、はわいのかいがんでくつろいでいる、このひげのはいゆうのすがたがうつっていました。でも、はいゆうですから、えんぎはとくいです。ふぁんのめをごまかすために、どんなへんそうをしているかは、わかりません。
まっくろにひやけしているひと、たのしそうにあるいてくるひと……。でも、おめあてのはいゆうのすがたは、なかなかあらわれません。",本文
2,,,"そのはいゆうのとしは、さんじゅっさい。ひろきは、そのはいゆうととしもせかっこうもおなじくらいのさんにんにちゅうもくしました。
さんにんともいろのこいさんぐらすをかけ、ひとりはあごにばんそうこうをはって、はなのしたにひげをはやしています。もうひとりは、ほおひげをはやしています。さいごのひとりは、ひげははやしていないだんせいでした。",本文
3,,,"「うーん、どのひとだろう……。」
かずみはくびをかしげました。しかし、ひろきはにっこりわらって、ひとりのおとこのひとをゆびさしました。
「あのひとだよ。」
「え！」
かずみはびっくりして、そのおとこのひとをみつめました。",本文
1,,,"ひろきとおねえさんのかずみは、くうこうでだれをまっているのですか。
にあうことばをかきましょう。はわいでのばかんすをおえてきこくする、しかくのだいすきなはいゆう。",問題
2,,,ふたりがまっているはいゆうのとれーどまーくは、なんですか。,問題
3,,,ひろきは、どんなてんから、さんにんのおとこのひとにちゅうもくしたのですか。そのはいゆうとしかくもおなじくらいというてん。,問題
4,,,ひろきが「あのひとだよ。」とゆびさしたのは、うえのえのさんにんのうちのだれだとおもいますか。あ〜うのきごうでこたえましょう。,問題
電球,,,ひろきは、どんなりゆうで、4のおとこのひとをゆびさしたのだとおもいますか。そのりゆうをかんがえてかきましょう。,
