1,,,"つくえの上にあるノートパソコン。 
でも、ずっと使っていると、だんだん元気がなくなってきます。 
そんなとき、ぼくはあるものをつなぎます。 
それをつなぐと、パソコンはまた元気になります。 
いつもはじゃまに思うこともあるけれど、 
ないととてもこまってしまう大切なものです。 
さて、パソコンに電気をあげる、この道具を調べてみてね。",問題
2,,,"教室のすみで、いつもひっそりと置かれている道具があります。 
おとも出さず、目立つこともありませんが、書類をまとめるときには欠かせない存在です。 
紙をそろえて、その道具の中に入れると、 
力を加えた一瞬で、紙に同じ形の小さな穴があきます。 
この穴があるおかげで、紙はばらばらにならず、 
ファイルにとじて大切に保管することができます。 
ふだんは気にとめないかもしれませんが、 
「そろえる」「まとめる」というはたらきを、しずかに支えている道具です。 
さて、この道具の下を見てみましょう。",問題
3,,,"服についているけれど、 
ふだんはあまり意識されない場所があります。 
そこには、小さなものを入れておくことができ、 
手をのばせば、すぐに取り出すことができます。 
使わないときは何も語りませんが、 
必要なときには、物を守り、なくさないように支えてくれます。 
外からは見えにくいこともあり、 
中に何が入っているかは、さわってみないと分かりません。 
さて、服の一部で、 
物を入れておくためのこの場所の中を見てね。",問題
