1,,,ウサギの耳,本文
2,,,ウサギの耳は、とてもながくて大きい耳です。そして、よく動きます。色々な方向から来るおとを聞き逃さないように、耳を動かして聞いているのです。キツネなどの敵が近づいてくる、草を踏むかすかなおとを聞きつけると、すごい勢いで跳ねて逃げます。,本文
3,,,また、ウサギの耳には、細かい血管がたくさんあります。敵に追われて走っているときに、冷たい風が耳に当たることで、上がった体温を下げてくれる働きをしているのです。このように、ウサギの耳は、おとを聞くだけでなく、体温を下げるという、大切な働きもしているのです。,本文
4,,,ウサギを抱き上げるとき、耳を掴む人がいますが、ウサギにとって大切な耳を掴まれるのはとても嫌なことなのです。ウサギは、耳を掴まないで、優しく抱っこしてやりましょう。,本文
5,,,"方向。むき。
血管。血が通るくだ。
体温。からだの温度。",本文
1,,,"ウサギの耳は、どんな耳ですか。合うほうに丸をつけましょう。
ア。短くて小さい耳で、あまり動かない。
イ。長くて大きい耳で、よく動く。",問題
2,,,"ウサギの耳に細かい血管がたくさんあるのは、なんのためですか。カッコに合う言葉を書きましょう。
つめたいカッコ。が耳に当たることで、上がったカッコ。を下げる働きをするため。",問題
3,,,"ウサギにとって嫌なことはなんですか。1つに丸をつけましょう。
ア。人に食べ物をもらうこと。
イ。人に優しくだっこされること。
ウ。人に耳をつかまれること。",問題
